Fruits,Vegetables,Plants,Fauna
Apples,Eggplants,Cyclamen with the first rains,Birds: Autumn migration begins
Figs,Root onions,Planting garlic bulbs and onion ,"Pelican, cormorant, flamingos, herons in wetlands"
Grapes,Potatoes,Preparing the garden for the cooler months,
Melons,Tomatoes,Plant flowering bulbs for winter and next spring seasons,
Watermelons,Zucchini,,
Plums,Purslane,,
Pears,Fresh beans,,
Citrus fruits,Peppers,,
Cherries,Leafy greens,,
Nectarines,,,
Walnuts,,,
Pistachios,,,
Pomegranates,,,